date,MVRV
2010-10-09 20:41:19,6.352666686780362
2010-10-13 02:41:01,6.3706408926653975
2010-10-15 22:33:07,5.6475862454378465
2010-10-17 23:11:11,5.152634654582966
2010-10-20 02:44:43,4.578094149633609
2010-10-22 15:52:33,4.701565708048948
2010-10-25 13:10:51,6.936989155658353
2010-10-27 21:44:02,7.016963191321771
2010-10-30 07:20:20,6.175281825756286
2010-11-01 23:11:57,6.121998502394769
2010-11-04 18:56:00,7.6779222693263725
2010-11-07 04:31:35,6.598591774822435
2010-11-09 06:15:52,6.542406535646056
2010-11-11 17:17:40,3.9353150953348224
2010-11-14 08:06:27,4.25556692042546
2010-11-16 22:08:22,3.912280372150003
2010-11-19 03:27:37,3.849227507281821
2010-11-22 20:00:43,3.845154775758239
2010-11-26 01:40:28,3.625304976325758
2010-11-28 23:34:32,3.644399441895851
2010-12-01 16:55:06,3.37193209173858
2010-12-04 07:56:07,3.2285562028110433
2010-12-06 15:14:58,2.8786674926602207
2010-12-08 21:17:02,2.8453725396029137
2010-12-11 17:21:16,2.592296686610544
2010-12-15 00:27:42,2.780263445112008
2010-12-18 01:12:43,2.9758691677080864
2010-12-21 04:46:54,3.079103572596713
2010-12-24 13:12:02,2.8731614402872885
2010-12-27 21:45:21,3.023875362466895
2010-12-31 02:37:53,3.280325006904306
2011-01-03 04:40:02,3.22725297094032
2011-01-06 16:51:13,3.169876270069022
2011-01-09 23:04:55,3.321693297495836
2011-01-13 03:38:26,3.3257075815195645
2011-01-16 03:41:10,4.112946905693778
2011-01-19 07:26:22,3.5907914947943165
2011-01-22 10:31:37,3.6303848123651354
2011-01-25 12:36:53,3.7641978126370472
2011-01-28 14:42:55,3.2542024138873424
2011-01-31 22:33:34,3.5390806755588087
2011-02-04 04:40:46,5.291697793512214
2011-02-07 01:55:51,5.635423387402708
2011-02-09 22:00:09,5.132977782575285
2011-02-12 16:43:16,5.373922442772938
2011-02-15 09:02:15,5.327621795196653
2011-02-17 14:37:58,4.996175757208355
2011-02-20 09:07:50,4.70223425971098
2011-02-23 00:07:24,3.953596339088683
2011-02-25 08:39:09,4.21104791094978
2011-02-27 07:14:56,4.203662271309761
2011-03-02 12:14:19,3.4938083873385586
2011-03-05 05:21:08,3.333135218018704
2011-03-07 03:08:17,3.223006399637679
2011-03-10 01:13:17,3.122180538760346
2011-03-14 09:09:57,3.122344637859365
2011-03-18 12:14:12,2.898250604137806
2011-03-22 14:21:28,2.578980807241552
2011-03-26 02:06:15,2.880715894375286
2011-03-29 12:01:29,2.7006143008208174
2011-04-01 14:01:51,2.5025358624096983
2011-04-04 13:42:26,2.4817283907368544
2011-04-07 19:56:36,2.294369508006605
2011-04-11 01:55:07,2.346842156838707
2011-04-14 02:39:01,2.810531657798918
2011-04-17 10:26:59,3.1923692554601795
2011-04-20 21:24:39,3.341498589344267
2011-04-24 01:28:50,3.783169126883655
2011-04-26 23:12:26,4.367554370707676
2011-04-29 19:02:22,5.150645972061617
2011-05-02 14:43:30,6.419499236261029
2011-05-05 07:41:11,5.076177355575639
2011-05-07 17:13:56,4.87942588531923
2011-05-10 01:56:04,4.93350134460006
2011-05-12 23:48:24,6.57205095592684
2011-05-15 07:49:12,6.7776807813477085
2011-05-17 12:00:03,5.645090618155816
2011-05-19 18:08:04,4.891085368101799
2011-05-22 02:23:35,4.236492672240607
2011-05-24 01:49:34,4.218497270244273
2011-05-25 19:41:47,4.3152494316320285
2011-05-28 00:37:16,4.921412287841606
2011-05-31 05:19:45,4.508058312205808
2011-06-03 04:26:04,4.940412696902877
2011-06-05 16:43:09,7.47705901914817
2011-06-08 07:15:27,6.400196847489784
2011-06-10 17:50:19,7.379442791634405
2011-06-12 23:21:30,4.591635394228747
2011-06-15 03:58:11,3.198967323900233
2011-06-17 14:36:13,2.5876853169357594
2011-06-20 02:09:25,2.432257764905004
2011-06-22 05:35:42,2.31341377080222
2011-06-24 08:02:11,2.325060103050072
2011-06-27 15:09:21,2.5242387326519014
2011-06-30 17:28:47,2.385231043589587
2011-07-03 18:37:24,2.2289905925421527
2011-07-07 05:05:56,2.1040209648049997
2011-07-10 17:42:36,2.059137344689538
2011-07-13 23:55:18,1.9438480715692363
2011-07-17 08:43:23,1.8916411205311197
2011-07-20 17:43:18,1.9467387975062522
2011-07-24 05:51:31,1.886093527490249
2011-07-27 07:05:29,1.9590340599978233
2011-07-30 14:16:18,1.862797074686807
2011-08-02 19:20:19,1.8238090780397003
2011-08-06 15:48:34,1.5437349208659343
2011-08-10 11:09:33,1.5054019778065642
2011-08-14 15:39:33,1.4021415079694444
2011-08-18 11:48:16,1.5653707695174839
2011-08-22 03:38:54,1.6062273584495483
2011-08-25 20:52:21,1.5473053017498686
2011-08-29 21:51:39,1.3307851524350964
2011-09-02 12:25:49,1.2177693920815387
2011-09-06 04:38:45,1.2035088798804332
2011-09-10 00:15:02,1.0309581422972616
2011-09-14 00:34:37,1.0331459094053357
2011-09-17 23:08:13,0.7922879155373067
2011-09-21 15:45:54,0.9844591865853483
2011-09-25 14:41:30,0.8649907462846362
2011-09-29 13:12:03,0.7770449856512499
2011-10-03 14:37:59,0.8051427064902432
2011-10-07 19:57:47,0.7698832735634005
2011-10-12 06:23:19,0.6635769367738311
2011-10-16 17:16:52,0.6407588417639415
2011-10-21 01:50:30,0.418613483248659
2011-10-25 16:38:56,0.5214545630853584
2011-10-30 12:53:52,0.5782001375292576
2011-11-03 08:00:46,0.5541690651208103
2011-11-07 03:26:20,0.519175622525102
2011-11-10 22:58:57,0.5281415486736962
2011-11-14 22:21:10,0.5280613497076114
2011-11-18 15:07:54,0.4748023454216863
2011-11-22 17:29:55,0.43910929792819575
2011-11-27 00:19:09,0.4787488980913501
2011-12-01 01:48:52,0.5690295212498754
2011-12-04 20:50:17,0.5935526811209396
2011-12-08 13:32:44,0.5926218292282235
2011-12-12 03:42:53,0.609412585975959
2011-12-16 04:12:08,0.6272487222120311
2011-12-20 01:49:50,0.6563235973438274
2011-12-23 22:27:45,0.7660882959814541
2011-12-27 10:36:26,0.8296532286933159
2011-12-31 06:46:15,0.8383318389096962
2012-01-03 21:32:47,1.0455333496551231
2012-01-07 09:00:09,1.297825684126442
2012-01-10 20:27:57,1.32614006727932
2012-01-14 17:24:15,1.2606532747758776
2012-01-18 10:31:06,1.2907413360632167
2012-01-22 01:48:22,1.194823765507671
2012-01-25 21:49:19,1.1814790826172081
2012-01-29 16:10:42,1.0470451748110503
2012-02-02 04:50:54,1.0400165086092579
2012-02-05 17:33:31,1.1032453867410423
2012-02-09 13:11:39,1.0626726575539387
2012-02-13 03:25:10,1.0885237951660984
2012-02-17 01:30:26,0.8997020839563529
2012-02-20 12:27:38,0.8302573552812998
2012-02-24 04:55:14,0.886015431081221
2012-02-27 18:14:51,0.9498660432341032
2012-03-02 03:37:08,0.9408399720959129
2012-03-06 05:36:38,0.947022740739543
2012-03-09 22:11:58,0.9540759276294822
2012-03-13 11:41:17,0.962971261767057
2012-03-17 09:01:59,1.0356013789464709
2012-03-20 23:06:36,1.0000060946328835
2012-03-24 15:47:40,0.925547500501075
2012-03-28 07:49:21,0.914794690015876
2012-03-31 23:24:39,0.9512781124722096
2012-04-05 05:54:41,0.9809875797236393
2012-04-09 07:33:20,0.9618697644016945
2012-04-13 08:01:13,0.9683130937975761
2012-04-17 13:07:32,0.9780803935855499
2012-04-21 12:45:14,1.0202937346430168
2012-04-25 12:03:15,1.0175555282081301
2012-04-29 09:10:14,0.9974268933128022
2012-05-02 15:41:29,0.984817682857409
2012-05-06 01:09:23,1.0085971110924234
2012-05-09 07:44:44,1.0021484894761248
2012-05-13 07:23:16,0.9849370208423238
2012-05-17 14:32:11,1.0010243279325766
2012-05-21 08:06:54,1.0155080193516752
2012-05-25 19:20:01,1.0308449115520617
2012-05-29 15:02:43,1.0243159410620655
2012-06-02 12:34:01,1.0464846129344092
2012-06-06 03:02:32,1.0679763990312168
2012-06-09 20:37:31,1.1268104690343526
2012-06-13 10:13:33,1.1232243814261376
2012-06-17 01:23:58,1.2405357575810323
2012-06-20 15:46:09,1.2793042713722038
2012-06-24 10:32:47,1.3077738028697568
2012-06-28 03:22:22,1.2632631568563677
2012-07-02 00:59:46,1.2980546138602873
2012-07-05 16:43:25,1.2826000805382842
2012-07-09 04:19:57,1.3136999136996266
2012-07-13 00:01:50,1.4160769611231574
2012-07-16 17:45:48,1.5166914914421494
2012-07-20 08:13:17,1.7703838654194948
2012-07-24 03:04:44,1.6952875226538004
2012-07-27 15:49:37,1.6499880588250744
2012-07-31 04:00:18,1.6577976068110714
2012-08-04 01:14:27,1.8467827580070477
2012-08-07 19:46:00,1.986880645916578
2012-08-11 04:27:56,2.0625591645723365
2012-08-14 18:36:40,2.0537169534118234
2012-08-18 12:52:19,2.4467463556551468
2012-08-21 17:57:06,1.7045160550961849
2012-08-25 10:08:28,1.67436406289596
2012-08-29 01:55:06,1.912048457521239
2012-09-01 19:00:57,1.7075295764347804
2012-09-05 07:12:20,1.6750097099216987
2012-09-08 19:43:11,1.7763995434965025
2012-09-12 17:14:40,1.7324536571034705
2012-09-16 13:12:00,1.809066179731212
2012-09-20 09:15:17,1.8727379457490165
2012-09-24 00:25:32,1.8501176460329802
2012-09-27 21:19:10,1.8240453366664529
2012-10-01 19:36:42,1.8297922568060654
2012-10-06 03:49:18,1.8899289142854512
2012-10-10 01:37:12,1.7489142153182888
2012-10-13 23:29:53,1.7468424123488118
2012-10-17 21:56:22,1.716418133488561
2012-10-21 18:21:59,1.6890762077753252
2012-10-25 13:41:42,1.6830350308101436
2012-10-29 06:21:13,1.5241628995474694
2012-11-02 08:08:22,1.5888829960796993
2012-11-06 08:24:37,1.5273258310261368
2012-11-10 05:05:31,1.567689640061404
2012-11-14 05:48:30,1.5735639641485575
2012-11-18 07:16:54,1.6563074609764588
2012-11-22 07:31:45,1.65254901390663
2012-11-26 02:01:46,1.727404614591734
2012-11-29 16:20:56,1.711852173928185
2012-12-03 15:50:33,1.7335357279011414
2012-12-08 04:08:20,1.8385353356112355
2012-12-12 07:30:47,1.8117939606943978
2012-12-17 01:01:07,1.8147610223146233
2012-12-21 06:57:58,1.777240982443121
2012-12-25 12:14:19,1.761549923053985
2012-12-29 04:23:15,1.7669511901914112
2013-01-01 16:04:53,1.7640143436377829
2013-01-05 04:31:13,1.7473315049863236
2013-01-08 22:44:09,1.7580687824817247
2013-01-13 03:32:34,1.833531723419115
2013-01-17 03:42:54,1.854528201749351
2013-01-21 09:59:21,1.9996693385635016
2013-01-25 07:29:37,2.222479836799139
2013-01-29 01:22:57,2.155449696942123
2013-02-01 12:02:58,2.354916638891935
2013-02-04 18:35:45,2.292245649963317
2013-02-08 08:51:27,2.359117519496144
2013-02-11 21:37:28,2.532058528471872
2013-02-15 09:11:33,2.6300050465367857
2013-02-18 07:44:44,2.6847213102845906
2013-02-21 11:12:58,2.845289746789833
2013-02-24 18:03:45,2.7842348427396995
2013-02-27 16:59:00,2.79147880051577
2013-03-03 02:03:00,2.9612706971527154
2013-03-06 10:36:28,3.1942671472381305
2013-03-09 19:30:47,3.345772995950168
2013-03-13 03:34:23,3.4480689275123253
2013-03-16 08:44:00,3.2756940410248894
2013-03-19 03:25:47,3.2839163675550345
2013-03-21 19:21:26,4.1622727043830485
2013-03-24 06:24:23,3.9320348001757757
2013-03-27 20:42:24,4.14583484644999
2013-03-30 20:49:50,4.309758675385305
2013-04-02 19:25:01,4.5191648616482025
2013-04-06 03:02:14,4.686027921642203
2013-04-09 07:40:02,5.341927074076227
2013-04-12 10:19:16,3.243860816945279
2013-04-15 16:46:33,2.4254277499424246
2013-04-18 20:16:57,2.347803666256527
2013-04-22 08:25:18,3.0136022189093383
2013-04-25 15:16:59,3.4318004040568186
2013-04-28 19:24:38,2.7833039155912442
2013-05-02 04:36:18,2.869266221960974
2013-05-05 18:41:06,2.3844649486219907
2013-05-08 23:22:45,2.3725559022091027
2013-05-12 01:12:08,2.481257307523445
2013-05-15 07:41:20,2.4404073422225423
2013-05-18 22:02:35,2.5635362484423387
2013-05-22 11:00:24,2.5282749776842324
2013-05-25 15:01:25,2.689803534138826
2013-05-28 21:02:59,2.611134609045576
2013-05-31 21:26:51,2.5617258138836374
2013-06-03 13:15:23,2.4390295704294966
2013-06-06 06:34:18,2.3831902317395257
2013-06-09 09:07:13,2.144465432387475
2013-06-12 10:30:06,2.0997720526062063
2013-06-15 07:37:22,1.9986874718377696
2013-06-18 09:42:12,1.9683090551847655
2013-06-22 00:17:07,2.1594616778556346
2013-06-25 06:53:52,2.063986786793253
2013-06-28 10:36:07,1.9913092157115373
2013-07-01 16:17:38,1.8748096995008192
2013-07-04 21:38:17,1.5156963182574086
2013-07-07 18:34:18,1.3846560050408911
2013-07-10 14:35:56,1.5123104101346911
2013-07-13 18:11:41,1.8230160241989675
2013-07-16 23:25:53,1.9154786357550366
2013-07-20 01:19:33,1.7592911703161764
2013-07-23 00:27:56,1.771837446532234
2013-07-26 13:00:28,1.871490898113529
2013-07-29 17:08:29,1.9018330320853736
2013-08-01 12:54:19,2.0605397499730427
2013-08-04 10:31:56,1.9955770258728955
2013-08-07 07:21:35,2.0223800142738044
2013-08-10 00:53:08,1.9472079804923703
2013-08-12 11:52:41,1.9742012989331057
2013-08-15 15:40:50,1.9140488245616196
2013-08-18 14:00:55,1.856712186223475
2013-08-21 10:31:55,1.9421705674821081
2013-08-24 03:07:53,2.0303828776872566
2013-08-27 09:00:24,2.081604460502095
2013-08-30 05:46:27,2.16682958182155
2013-09-01 18:49:33,2.3345721102998973
2013-09-04 10:08:10,2.324517777028248
2013-09-07 14:43:29,2.1376469490306103
2013-09-10 14:09:58,2.1352956349615164
2013-09-13 05:35:22,2.2385056135422188
2013-09-15 22:35:32,2.172004655859963
2013-09-19 03:43:53,2.3778172662696337
2013-09-21 22:32:41,2.1208283463510336
2013-09-24 12:01:40,2.108302674677584
2013-09-27 08:29:32,2.1236458412162427
2013-09-30 15:12:35,2.162723102410878
2013-10-03 13:41:52,1.827672619837846
2013-10-06 07:19:33,2.062410361512474
2013-10-09 13:12:54,2.081953404239223
2013-10-12 12:07:36,2.124320113588455
2013-10-14 21:55:10,2.2039035086338563
2013-10-17 09:45:05,2.2982400594041255
2013-10-20 05:33:30,2.766953704596957
2013-10-22 15:56:14,2.8072090924006954
2013-10-25 03:35:17,3.0130589235636327
2013-10-27 23:13:28,2.589078150999565
2013-10-31 01:12:44,3.0288613220681513
2013-11-02 15:22:24,2.812057715681631
2013-11-05 12:43:29,2.99084256170771
2013-11-09 01:36:46,3.661362212490664
2013-11-12 05:43:01,3.879375725166614
2013-11-15 08:15:04,4.303899590463461
2013-11-18 09:20:39,4.550293729891763
2013-11-21 21:35:30,4.9377934397153265
2013-11-25 03:31:47,5.649545581564367
2013-11-28 10:41:07,5.168603540895207
2013-12-01 13:24:45,5.293472775264979
2013-12-04 14:48:42,4.637129509306489
2013-12-07 14:29:10,3.5122307548943215
2013-12-10 11:15:17,3.5560297842582402
2013-12-13 20:31:49,3.464277372622274
2013-12-16 19:49:56,3.362165253543563
2013-12-19 12:16:22,2.103554626336037
2013-12-22 15:44:40,2.321185565472003
2013-12-25 21:43:05,2.4923956069180653
2013-12-29 03:43:50,2.7239655500683826
2014-01-01 06:50:12,2.76764310110656
2014-01-04 19:03:11,2.981730490994349
2014-01-07 20:33:45,3.305127622666503
2014-01-10 17:38:21,2.9400119010707946
2014-01-13 11:41:47,3.0322069958728073
2014-01-16 16:17:56,2.9009521558403284
2014-01-20 00:02:20,2.7848950055729316
2014-01-23 01:12:22,2.8047502914336637
2014-01-26 09:53:52,2.667878367434942
2014-01-29 23:51:50,2.642089467966531
2014-02-02 00:48:43,2.68074270068174
2014-02-05 03:27:24,2.6811921701639134
2014-02-08 13:03:51,2.3414728447706676
2014-02-12 02:01:39,2.202194487227889
2014-02-15 06:38:00,2.0135112218609
2014-02-18 13:00:04,2.0128162737090123
2014-02-21 20:25:15,1.83763946559397
2014-02-25 02:45:20,1.9406458585267785
2014-02-28 10:15:57,1.9001007910627097
2014-03-04 05:38:24,1.9266036571441776
2014-03-07 21:47:54,2.1155972663111102
2014-03-11 10:41:18,1.9479383584940442
2014-03-15 01:18:50,1.957379052913542
2014-03-18 14:20:48,1.9180065433508247
2014-03-21 23:39:05,1.7842722178188357
2014-03-25 01:17:18,1.7057967592016192
2014-03-28 12:12:03,1.5687988724176727
2014-04-01 00:02:43,1.3997923204624123
2014-04-04 00:34:31,1.3458094091240693
2014-04-07 10:54:00,1.418819077820718
2014-04-11 07:45:34,1.2936708907666852
2014-04-14 12:11:31,1.3028702147741884
2014-04-17 21:14:02,1.6251525167500762
2014-04-21 13:09:40,1.5514382500308466
2014-04-25 04:35:04,1.5237580956161823
2014-04-28 16:16:49,1.373004160173625
2014-05-02 11:09:58,1.409805796092381
2014-05-06 08:30:34,1.3462232210702907
2014-05-09 20:14:18,1.3573495971326355
2014-05-13 07:38:58,1.3608223116902065
2014-05-16 17:34:05,1.3849782192814508
2014-05-20 05:51:04,1.3880005399561048
2014-05-23 15:28:06,1.6007341688275158
2014-05-27 06:15:23,1.7681466873894534
2014-05-30 20:18:20,1.7324468756309015
2014-06-03 03:07:16,1.9173621997323307
2014-06-06 13:01:13,1.9507752781457786
2014-06-10 07:04:41,1.946297853508318
2014-06-13 21:39:22,1.6818626268204235
2014-06-17 00:04:35,1.728532098634308
2014-06-20 09:41:16,1.7546515515999668
2014-06-23 12:43:48,1.7320908369818377
2014-06-26 14:30:46,1.6400469144119565
2014-06-29 19:07:26,1.7124482084171793
2014-07-03 22:24:49,1.8621729616103888
2014-07-07 14:33:02,1.8098700684891813
2014-07-11 06:43:53,1.7683141502724216
2014-07-15 01:30:38,1.7930964492199606
2014-07-18 14:44:22,1.7687728730398216
2014-07-22 01:21:48,1.7760867525797426
2014-07-25 20:10:28,1.7086319196463455
2014-07-29 17:59:32,1.6688539930288273
2014-08-02 11:59:23,1.661764144350782
2014-08-06 09:42:12,1.6433030253629712
2014-08-09 21:03:53,1.646226166689085
2014-08-13 03:13:39,1.600802418815714
2014-08-16 13:08:03,1.4040438008636902
2014-08-19 18:40:28,1.3309614639628662
2014-08-23 06:09:08,1.4569535678892784
2014-08-26 22:28:43,1.406835693670656
2014-08-30 07:26:58,1.4291825537704739
2014-09-02 19:38:49,1.3431888416554993
2014-09-06 10:56:49,1.3733577444599172
2014-09-10 05:02:11,1.322985250679308
2014-09-13 15:53:03,1.3431879786444585
2014-09-17 04:55:22,1.3266405886360857
2014-09-20 09:57:56,1.1716602108280498
2014-09-23 22:17:47,1.1404334755555008
2014-09-27 17:17:18,1.1624878342741738
2014-10-01 13:07:35,1.1016808754587057
2014-10-05 08:44:09,0.9999242936036461
2014-10-09 00:51:46,0.97941550417483
2014-10-12 20:54:17,1.062027426707935
2014-10-16 17:38:37,1.1647054241177186
2014-10-20 13:44:17,1.146327257117989
2014-10-24 05:22:06,1.10629974522814
2014-10-27 23:50:13,1.0490565783910843
2014-10-31 12:34:25,1.0134747261242856
2014-11-03 22:47:45,0.963641729928687
2014-11-07 17:12:06,1.0321827776888661
2014-11-11 11:37:48,1.0902270948629216
2014-11-15 06:58:55,1.232030260910072
2014-11-19 00:36:05,1.154122648209458
2014-11-22 23:04:24,1.0445495164890903
2014-11-26 23:06:23,1.1220510353654758
2014-11-30 16:38:25,1.1343695343792664
2014-12-04 17:41:27,1.139431891514243
2014-12-08 18:02:30,1.1407699779310527
2014-12-12 12:55:57,1.0698232191941766
2014-12-16 15:37:01,1.0813906573981067
2014-12-20 21:43:20,0.9788683233050106
2014-12-24 18:13:55,1.042661793051881
2014-12-28 06:22:04,1.0147242842622863
2014-12-31 21:20:02,0.9751478385810847
2015-01-04 07:03:25,0.9590709756980205
2015-01-07 23:23:10,0.9068612536667314
2015-01-11 20:00:57,0.8820322487285308
2015-01-15 20:11:02,0.5793382837660731
2015-01-19 15:55:18,0.6725896035076415
2015-01-23 23:11:25,0.755260231861315
2015-01-28 04:43:58,0.8910431359510372
2015-01-31 22:01:18,0.7454109832015945
2015-02-04 14:24:26,0.7576264027779008
2015-02-08 05:09:27,0.7379591739549765
2015-02-11 22:48:58,0.7288555802938564
2015-02-15 19:44:07,0.8390758430167214
2015-02-19 08:45:33,0.8019649215229822
2015-02-23 01:45:12,0.8133328194795943
2015-02-26 23:36:32,0.7930608403834238
2015-03-02 19:44:18,0.8549072727259001
2015-03-06 16:10:36,0.9088158173245559
2015-03-10 13:36:19,0.9430936731249684
2015-03-14 09:54:35,0.9737579304815068
2015-03-18 09:02:36,0.9609529973092357
2015-03-22 09:51:27,0.8767659398489904
2015-03-25 19:20:54,0.8294945499996011
2015-03-29 09:04:55,0.8408722080657383
2015-04-02 05:41:10,0.8251759893681867
2015-04-05 22:44:54,0.8580227619104097
2015-04-10 04:05:50,0.8286541653244249
2015-04-14 00:39:31,0.8033244134085294
2015-04-18 02:10:40,0.7765781509699128
2015-04-21 20:45:36,0.7682724932918374
2015-04-25 19:45:54,0.7943431045928594
2015-04-29 16:32:37,0.7760539691043242
2015-05-03 14:59:52,0.7998449357870505
2015-05-07 10:24:04,0.8020424034727391
2015-05-11 11:28:32,0.8288957880631592
2015-05-15 02:33:56,0.8143618609228072
2015-05-18 21:01:46,0.8146761089328507
2015-05-22 18:10:31,0.8115256974857213
2015-05-26 20:43:07,0.8184255726306917
2015-05-30 20:06:35,0.8190378507001449
2015-06-03 12:34:42,0.782538222580995
2015-06-07 06:46:01,0.7849642856413045
2015-06-10 21:30:26,0.8001801813985246
2015-06-14 16:52:22,0.8085632362895774
2015-06-18 16:03:30,0.8695381962666848
2015-06-22 13:43:46,0.8544336682537603
2015-06-26 06:03:03,0.8436985182279545
2015-06-30 06:48:38,0.8784631910391187
2015-07-03 23:22:13,0.8925786806149133
2015-07-07 14:52:25,0.9466489993642992
2015-07-11 06:16:15,0.9603887025776675
2015-07-15 03:56:14,1.0202797625951858
2015-07-18 19:08:12,0.9775374232093733
2015-07-22 14:47:22,0.9731395403228564
2015-07-26 08:23:10,1.0124236626272376
2015-07-30 04:46:36,1.0267289159477795
2015-08-02 23:02:01,0.9843353963418566
2015-08-06 19:48:04,0.9871273187422772
2015-08-10 12:04:29,0.9287425636782305
2015-08-14 04:13:53,0.9411455629360435
2015-08-18 04:55:00,0.9052127609798979
2015-08-21 18:53:07,0.8324056061576761
2015-08-25 10:36:59,0.7850603804058591
2015-08-29 06:20:01,0.8163648470202371
2015-09-01 22:02:33,0.8286939084983406
2015-09-05 14:01:17,0.8262860947587476
2015-09-09 09:50:05,0.8725099758335398
2015-09-13 00:44:03,0.865233864276311
2015-09-16 12:45:06,0.8300135586591096
2015-09-20 17:03:46,0.8362735426305208
2015-09-24 11:16:32,0.8331989630587912
2015-09-28 06:00:50,0.8481219740089537
2015-10-01 20:05:54,0.8607429417797533
2015-10-05 14:30:13,0.8667871371477491
2015-10-09 14:43:54,0.8858183921215285
2015-10-13 10:32:52,0.8972754638073238
2015-10-17 01:40:46,0.9476637500530729
2015-10-20 23:03:29,0.9719626339588583
2015-10-24 18:06:33,1.0189309293800595
2015-10-28 09:31:44,1.0798907383775713
2015-11-01 00:23:14,1.167425111271602
2015-11-04 16:34:52,1.5699809341587585
2015-11-08 07:23:28,1.3466897184233362
2015-11-11 22:47:39,1.100146404380076
2015-11-15 13:16:45,1.1616125803753576
2015-11-19 02:03:43,1.1659398978359308
2015-11-22 10:40:52,1.1381224536607455
2015-11-25 21:21:35,1.122994969627358
2015-11-29 09:24:32,1.2399566682777432
2015-12-02 19:45:05,1.2313917952788276
2015-12-06 08:16:31,1.3411868236836542
2015-12-09 17:13:29,1.435725347550384
2015-12-12 17:43:32,1.4968887927618715
2015-12-15 21:15:49,1.5529328501065647
2015-12-19 05:58:45,1.5511765465472278
2015-12-22 17:15:54,1.4700061614947486
2015-12-26 06:31:01,1.5105240447450665
2015-12-29 09:26:27,1.409584249775649
2016-01-02 02:17:13,1.4396338422073813
2016-01-05 12:51:10,1.4397610716776166
2016-01-09 01:24:12,1.501518462413759
2016-01-12 06:50:54,1.4769927068471014
2016-01-16 01:36:53,1.3322719160958414
2016-01-19 11:55:59,1.2691784111495221
2016-01-23 00:47:00,1.282831576040073
2016-01-26 04:47:40,1.3095769479269248
2016-01-29 14:19:12,1.244414847621592
2016-02-01 15:20:15,1.2360653234186607
2016-02-04 18:56:28,1.2462300079571367
2016-02-07 17:04:34,1.2498900493712013
2016-02-10 22:27:45,1.2616557317598127
2016-02-14 01:49:33,1.2974324329076958
2016-02-17 13:38:17,1.3534248495723196
2016-02-21 01:02:54,1.4240422792258678
2016-02-25 04:13:21,1.3868989437653068
2016-02-28 20:38:36,1.4068400445282994
2016-03-03 16:13:09,1.3841617990171085
2016-03-07 02:39:19,1.3190762303844843
2016-03-10 15:44:24,1.344603943637486
2016-03-14 06:18:15,1.3459131188618916
2016-03-17 16:40:59,1.356559585547854
2016-03-21 12:03:09,1.3321444441553794
2016-03-25 02:26:32,1.3478298257806602
2016-03-28 16:23:30,1.378033708607432
2016-04-01 05:01:17,1.342324305199192
2016-04-04 19:24:25,1.3534764247170321
2016-04-08 08:42:15,1.354965577022072
2016-04-11 16:03:54,1.3522685650673565
2016-04-14 23:48:09,1.36113331148929
2016-04-18 16:25:26,1.3719721286998434
2016-04-22 04:12:25,1.425315035617047
2016-04-26 01:05:58,1.4715370329705202
2016-04-29 18:51:15,1.424438496117113
2016-05-03 05:26:15,1.398851665219354
2016-05-06 14:50:31,1.4205783021893026
2016-05-09 20:39:32,1.4495479674961784
2016-05-13 12:45:57,1.4262449718460384
2016-05-17 05:02:23,1.431064215928061
2016-05-21 00:11:58,1.3778726725070054
2016-05-24 04:10:18,1.3791188592053019
2016-05-27 23:28:12,1.474248358003946
2016-05-31 18:08:31,1.6772110333199688
2016-06-04 16:13:34,1.7513913978404774
2016-06-08 02:02:23,1.7627060695538221
2016-06-11 14:11:27,1.7494697137764021
2016-06-15 02:53:56,2.003465090983154
2016-06-18 16:09:56,2.127198850113114
2016-06-21 22:55:47,1.9493194105560967
2016-06-25 17:56:51,1.90790152122044
2016-06-29 06:53:50,1.8115101269072298
2016-07-02 20:14:44,1.91921870439875
2016-07-06 12:22:41,1.866552282499753
2016-07-10 04:15:22,1.80060911886476
2016-07-13 21:41:58,1.84193185834916
2016-07-17 12:47:04,1.8331137034746467
2016-07-21 06:03:07,1.8318167209293157
2016-07-25 07:45:53,1.804647778755543
2016-07-29 08:00:40,1.7905758138834844
2016-08-02 00:07:12,1.6942634037924351
2016-08-05 09:23:56,1.5523632669731044
2016-08-08 17:43:48,1.6116314877333213
2016-08-12 08:12:21,1.6165043243891175
2016-08-15 13:42:00,1.5602199285245058
2016-08-19 11:49:53,1.5700796729142614
2016-08-22 19:46:27,1.5889565485857033
2016-08-26 13:29:14,1.5734942833853458
2016-08-30 04:02:32,1.5657281873250144
2016-09-02 18:10:51,1.5560630431946114
2016-09-06 10:23:32,1.6465994312577457
2016-09-10 00:33:14,1.6839809154519378
2016-09-13 09:26:48,1.6372121684714651
2016-09-16 17:24:23,1.6372506656568784
2016-09-20 07:30:42,1.6386501539425595
2016-09-23 22:04:12,1.6075107060715952
2016-09-27 01:58:20,1.6244718219617698
2016-09-30 15:06:21,1.6255451356866866
2016-10-04 03:08:19,1.6410604357566145
2016-10-07 10:30:30,1.6345127863447804
2016-10-10 21:44:14,1.6436175051135196
2016-10-14 18:24:09,1.693573043622006
2016-10-18 14:59:15,1.6884742467862763
2016-10-22 06:45:23,1.6676400767287367
2016-10-25 23:24:08,1.7225629943320904
2016-10-29 11:28:50,1.8171466282996576
2016-11-01 22:00:36,1.8888678651981097
2016-11-05 19:20:16,1.8136687319672071
2016-11-09 05:45:04,1.83304027363339
2016-11-12 11:38:20,1.8372729913482801
2016-11-15 19:49:43,1.8269855302371694
2016-11-19 02:44:51,1.9058758447793005
2016-11-23 00:02:24,1.8834157928309092
2016-11-26 11:42:48,1.8519511431836002
2016-11-29 21:56:01,1.8373726159149997
2016-12-03 10:37:53,1.9173451024130623
2016-12-06 21:38:37,1.8691375881675507
2016-12-10 09:28:04,1.900000746129308
2016-12-13 13:16:02,1.9117878042050294
2016-12-17 12:01:01,1.9108254328154735
2016-12-21 01:42:22,1.9264859553689202
2016-12-24 14:58:18,2.1642597273778224
2016-12-28 00:42:21,2.1890041927719075
2016-12-31 09:24:21,2.221069718149258
2017-01-03 19:07:49,2.355754714286824
2017-01-07 06:23:47,2.002753534274808
2017-01-10 18:52:28,2.023921841021434
2017-01-14 02:45:46,1.8019735080730608
2017-01-17 06:20:23,1.8603544869585518
2017-01-20 12:04:34,1.9934016518046818
2017-01-23 11:57:47,2.033649559141153
2017-01-27 00:44:41,2.0070214349134443
2017-01-30 08:37:42,2.016579746026574
2017-02-02 12:52:43,2.150435183383164
2017-02-06 02:09:21,2.2182148243254747
2017-02-09 17:03:12,2.2520750922506623
2017-02-13 08:36:15,2.1336506016129793
2017-02-16 17:30:08,2.1561557786940386
2017-02-20 08:54:24,2.215523525942984
2017-02-24 02:12:46,2.3837463923931335
2017-02-27 05:15:33,2.414577532641498
2017-03-02 17:35:06,2.491437965504317
2017-03-06 08:42:30,2.535970942699412
2017-03-10 00:04:26,2.326288593127934
2017-03-13 08:31:01,2.393739382346779
2017-03-17 00:26:19,2.3571486170584555
2017-03-20 11:16:55,1.9864720649003818
2017-03-23 23:30:05,1.9961861614727898
2017-03-27 09:49:28,1.8763918441969571
2017-03-30 21:21:23,1.9804144563778672
2017-04-03 12:05:56,2.1258487710580547
2017-04-07 02:53:19,2.208942020928818
2017-04-10 15:58:56,2.2693067267956297
2017-04-14 06:33:25,2.197088320425316
2017-04-17 23:04:57,2.2005748386552644
2017-04-21 14:33:45,2.2728262168719353
2017-04-25 07:09:10,2.2721268685722653
2017-04-28 22:31:48,2.396304103073437
2017-05-02 05:54:12,2.5045336628816717
2017-05-05 20:24:46,2.705738560487835
2017-05-08 22:32:36,2.7482891187040788
2017-05-12 11:49:02,2.9849906720113757
2017-05-15 18:30:01,2.8173987176665993
2017-05-19 10:16:39,2.9644204957866687
2017-05-22 19:41:11,3.24990216401742
2017-05-26 01:48:04,3.701231279298849
2017-05-29 10:45:06,3.053456698376081
2017-06-01 13:18:13,3.2075853643131516
2017-06-04 16:46:00,3.360709502471984
2017-06-07 23:39:42,3.609292906984649
2017-06-11 12:17:42,3.58120857979132
2017-06-15 02:50:59,3.118128995256462
2017-06-18 18:48:51,3.065684192072326
2017-06-22 11:56:57,3.056592044532188
2017-06-26 03:53:15,2.8879879975372633
2017-06-29 23:52:31,2.862206334981839
2017-07-03 03:52:17,2.7343492961660467
2017-07-06 10:42:06,2.8335412031249145
2017-07-10 01:06:52,2.739264360193283
2017-07-12 22:53:53,2.5279076918094674
2017-07-16 12:51:35,2.1596641392949376
2017-07-19 22:52:53,2.475776268866328
2017-07-23 06:11:39,2.9464919886760783
2017-07-26 13:41:02,2.593428356057205
2017-07-30 00:12:11,2.690866491415897
2017-08-02 14:03:02,2.5183841833262077
2017-08-05 19:26:19,2.7582400383397028
2017-08-09 06:03:30,2.8185892608646532
2017-08-13 02:57:46,3.0197886533512652
2017-08-16 23:13:07,3.128374373318765
2017-08-20 07:01:49,2.9408960108794107
2017-08-24 17:19:41,2.89863177025575
2017-08-29 01:27:06,2.921910905817701
2017-09-01 08:20:57,3.093435391866237
2017-09-04 11:47:17,2.8819096694769173
2017-09-07 11:16:50,2.8587291370296795
2017-09-10 15:10:44,2.6003531670242803
2017-09-13 16:20:27,2.4319613623183094
2017-09-16 15:42:47,2.3065054210376803
2017-09-20 02:33:27,2.41368910293655
2017-09-23 15:28:13,2.2384931166566084
2017-09-27 07:48:59,2.353722108470291
2017-09-30 14:45:08,2.498730567974351
2017-10-04 02:05:26,2.5053560368394616
2017-10-07 20:21:26,2.5061321038878845
2017-10-10 23:09:00,2.73030755988517
2017-10-14 15:59:31,3.0978584883105587
2017-10-17 16:09:59,3.029576370482346
2017-10-20 18:45:11,3.0007593974400377
2017-10-23 22:15:57,2.9871871210887355
2017-10-26 18:57:24,2.8902328309694134
2017-10-31 03:30:47,2.977206344090702
2017-11-03 21:29:27,3.3562735148830884
2017-11-07 17:24:29,3.1859877704296258
2017-11-11 17:04:28,2.928823173365231
2017-11-16 03:16:23,2.9422529116978438
2017-11-19 11:24:05,3.0742080191194066
2017-11-22 16:23:49,3.1236182584071104
2017-11-26 03:54:36,3.164519953112217
2017-11-29 09:13:38,3.5064145087013587
2017-12-02 11:11:30,3.572183921742396
2017-12-05 11:57:15,3.6547400417999625
2017-12-08 15:08:19,4.5699099373593
2017-12-11 18:15:05,4.307478401511861
2017-12-14 18:46:20,3.980121236757309
2017-12-17 19:18:08,4.429206784171915
2017-12-21 05:21:34,3.6128169705227147
2017-12-24 20:21:59,2.9299064851411663
2017-12-28 11:09:15,3.045913999573782
2017-12-31 21:08:39,2.670573334854197
2018-01-04 02:46:08,2.9896637566087616
2018-01-07 09:43:10,3.2301049189356212
2018-01-10 14:00:38,2.685535165363807
2018-01-13 13:46:54,2.6245792801942063
2018-01-17 00:10:49,2.2135848120512387
2018-01-20 04:18:16,2.1611015971432157
2018-01-23 02:02:56,2.0503630451299104
2018-01-26 06:23:21,2.11236184426506
2018-01-29 17:08:03,2.1225257951071335
2018-02-02 04:26:47,1.7150088861583532
2018-02-05 07:16:07,1.5755625145021794
2018-02-08 15:03:10,1.5658744601700194
2018-02-12 08:13:29,1.6093083734218152
2018-02-15 14:46:41,1.8364381016109288
2018-02-18 23:23:04,2.048644075552866
2018-02-22 07:41:23,2.022918846363587
2018-02-25 19:12:49,1.798750610756603
2018-03-01 06:23:16,1.9617522879510552
2018-03-04 12:01:10,2.1075825241896964
2018-03-07 18:58:35,1.9508762395550887
2018-03-11 11:24:30,1.6713671809356776
2018-03-14 19:04:09,1.6731786353035123
2018-03-18 08:54:56,1.4892537293366856
2018-03-21 23:08:26,1.6923530818895482
2018-03-25 15:50:46,1.6296468042047785
2018-03-29 06:41:25,1.4969927466489388
2018-04-01 19:07:17,1.3016995525995951
2018-04-05 05:30:51,1.3254267137849156
2018-04-08 13:15:30,1.3442523762472223
2018-04-11 21:28:02,1.3273448396916647
2018-04-15 06:05:04,1.5516781856360686
2018-04-18 16:00:50,1.5433449501368661
2018-04-22 01:09:58,1.6896015750532336
2018-04-25 11:14:20,1.803098556931554
2018-04-29 06:22:20,1.7821043156372376
2018-05-02 17:54:34,1.7268846486844451
2018-05-06 06:01:20,1.8636573096694022
2018-05-09 22:06:12,1.7339295409706807
2018-05-13 11:07:54,1.591317150621227
2018-05-16 22:06:12,1.5529241113699572
2018-05-20 14:12:41,1.5501538982548304
2018-05-23 23:41:10,1.4547684715948688
2018-05-27 07:41:09,1.398197790305867
2018-05-30 15:42:20,1.411494654314199
2018-06-02 19:29:06,1.4282696872544156
2018-06-05 20:06:48,1.4088554421054653
2018-06-09 11:56:30,1.4444028053857694
2018-06-13 06:36:07,1.269858171714145
2018-06-16 18:01:24,1.2320490238398298
2018-06-20 01:28:33,1.2864708709612311
2018-06-23 11:09:14,1.18041862713904
2018-06-26 16:11:22,1.199146129114977
2018-06-30 09:39:15,1.1838322191824349
2018-07-04 05:57:05,1.2829456766491494
2018-07-07 20:05:30,1.2861881620446032
2018-07-11 10:04:55,1.2470987617372886
2018-07-15 07:43:35,1.2276202963565608
2018-07-18 21:31:24,1.4610571120718774
2018-07-22 06:05:32,1.4478563823179251
2018-07-25 09:31:03,1.6233686718805522
2018-07-28 15:12:39,1.6014143427694136
2018-08-01 02:05:01,1.5287656637944238
2018-08-04 10:12:52,1.4539283615265395
2018-08-07 21:50:57,1.3716270981181644
2018-08-11 03:45:30,1.2389744346298857
2018-08-14 14:32:44,1.211334746878796
2018-08-17 22:54:37,1.2757233083081785
2018-08-21 10:00:26,1.2595081581431018
2018-08-24 22:40:30,1.2899901845162658
2018-08-28 03:23:58,1.33086815743154
2018-08-31 17:57:40,1.3651801624414004
2018-09-04 07:21:56,1.426786848965793
2018-09-08 00:13:28,1.2672699286947449
2018-09-11 11:53:11,1.2430228028305885
2018-09-15 03:53:43,1.2847841158681663
2018-09-18 21:25:59,1.2434272864038742
2018-09-22 11:03:22,1.3319232700567851
2018-09-25 20:25:10,1.2756758005320021
2018-09-29 10:09:05,1.3078790279684838
2018-10-02 20:19:18,1.3023021986038237
2018-10-06 15:39:36,1.3052714437744957
2018-10-10 12:04:52,1.304848527733657
2018-10-14 05:44:13,1.2400483225336763
2018-10-18 00:10:00,1.2901191226133177
2018-10-21 18:38:23,1.2949142613457822
2018-10-25 15:23:53,1.2934535012489758
2018-10-29 06:37:22,1.2936586745177012
2018-11-01 15:26:17,1.2754734164572639
2018-11-05 09:42:20,1.2951571545102736
2018-11-09 10:27:22,1.3020871988085883
2018-11-13 08:41:38,1.2833856759257458
2018-11-17 09:13:01,1.1266890826594986
2018-11-21 12:43:56,0.9181908787104824
2018-11-25 17:17:24,0.8051630818503956
2018-11-30 05:35:20,0.8907331011964927
2018-12-04 18:15:05,0.8194213648496192
2018-12-08 19:31:11,0.7237114300693506
2018-12-13 00:48:49,0.7317099554820367
2018-12-16 22:13:13,0.6961962812036898
2018-12-20 13:42:40,0.8315490611491505
2018-12-23 22:00:51,0.8713922157706782
2018-12-27 06:20:21,0.8247356488836323
2018-12-30 12:52:50,0.8378496945768269
2019-01-02 21:48:43,0.8426243142540955
2019-01-06 07:52:14,0.8446488228286357
2019-01-09 20:37:38,0.8886364279216966
2019-01-13 09:56:13,0.8099442514231663
2019-01-17 06:03:43,0.8066597507774246
2019-01-21 00:35:32,0.8087617030214764
2019-01-24 16:11:54,0.7991117655273249
2019-01-28 06:57:56,0.7944920866759865
2019-01-31 22:45:34,0.7754114266739651
2019-02-04 12:53:04,0.7746346328060217
2019-02-07 19:55:32,0.7665473291280263
2019-02-11 08:24:46,0.8217688342171564
2019-02-15 02:01:08,0.8164722372332922
2019-02-18 15:35:00,0.8378835135134036
2019-02-22 09:37:19,0.8941874810734475
2019-02-26 01:46:20,0.870502004483883
2019-03-01 10:41:21,0.8738864768409544
2019-03-05 04:59:26,0.8538337908940764
2019-03-08 23:37:04,0.891988433089724
2019-03-12 17:14:18,0.8860585981716307
2019-03-16 07:05:33,0.9029975331239551
2019-03-19 14:50:14,0.9169412898397504
2019-03-22 23:28:36,0.9201263117631913
2019-03-26 13:13:31,0.9043281230096007
2019-03-30 04:52:26,0.9432501243215895
2019-04-02 21:53:27,1.0777331578997296
2019-04-06 12:21:48,1.1525265027861442
2019-04-10 05:56:59,1.1980337905695448
2019-04-13 19:47:26,1.1652094420854955
2019-04-17 16:29:18,1.1946351308223342
2019-04-21 05:05:23,1.2161318722727523
2019-04-25 00:40:28,1.2523681136081242
2019-04-28 15:19:08,1.184372297890544
2019-05-01 21:19:56,1.2158630976521498
2019-05-05 09:26:11,1.306602113480935
2019-05-09 02:32:31,1.3384847023222957
2019-05-12 20:59:47,1.619337321496988
2019-05-16 06:27:17,1.8005880732635446
2019-05-19 17:32:19,1.7153218892018667
2019-05-23 00:20:47,1.7276728371063308
2019-05-26 10:35:46,1.7553770601227787
2019-05-29 14:57:29,1.860838147063694
2019-06-02 07:08:51,1.818921254146971
2019-06-05 23:07:39,1.6539889829652004
2019-06-09 14:19:33,1.674671522960316
2019-06-13 06:07:53,1.7131020435875894
2019-06-16 17:33:00,1.9035065427740194
2019-06-20 01:57:56,1.9134203411048378
2019-06-23 15:22:54,2.2023473803478404
2019-06-26 20:48:20,2.581479949969432
2019-06-30 04:32:50,2.3586158264157464
2019-07-03 13:47:38,2.183589376142857
2019-07-06 12:26:19,2.202908816963343
2019-07-09 17:49:39,2.415766948192016
2019-07-13 12:36:54,2.2174215974230074
2019-07-16 23:44:27,1.961279287238748
2019-07-20 20:37:20,2.0138202232183717
2019-07-24 10:24:46,1.8728636560688647
2019-07-27 19:14:42,1.8474622695781704
2019-07-31 02:28:32,1.7677444568235723
2019-08-03 10:00:42,1.9539448832967032
2019-08-06 16:04:45,2.1608419894715993
2019-08-10 07:39:52,2.1367658442521797
2019-08-13 18:24:30,2.031819776728482
2019-08-17 07:33:58,1.8499846593609508
2019-08-20 23:49:21,1.9326190393125142
2019-08-24 14:35:42,1.8409472431534826
2019-08-28 05:00:08,1.8116337110681304
2019-08-31 13:59:42,1.7123037256345244
2019-09-03 22:46:37,1.876674042500427
2019-09-07 10:13:15,1.8558054657980176
2019-09-10 15:20:45,1.8107547356938873
2019-09-13 17:44:56,1.8164868282072901
2019-09-17 03:41:56,1.7912428050023608
2019-09-20 12:17:47,1.7764508381191642
2019-09-24 02:33:44,1.7277218055861294
2019-09-27 09:57:40,1.4216234121428017
2019-10-01 04:45:40,1.4338805382933784
2019-10-04 20:19:23,1.4402315131321912
2019-10-08 04:48:19,1.4415570648945872
2019-10-11 14:25:17,1.502596282705868
2019-10-15 09:21:20,1.4667441917073987
2019-10-18 21:35:35,1.405223134739197
2019-10-22 10:35:17,1.4498750445528794
2019-10-25 21:55:53,1.3796805474616618
2019-10-29 21:19:32,1.6490976315982555
2019-11-02 19:21:13,1.6276381984869477
2019-11-06 18:55:50,1.6441557621306608
2019-11-10 13:23:28,1.5482941906880963
2019-11-14 02:21:57,1.537631153976332
2019-11-17 11:46:17,1.4906106433288997
2019-11-21 03:27:14,1.423605544890443
2019-11-24 20:06:49,1.2746423104089806
2019-11-28 18:06:46,1.334652446570384
2019-12-02 12:27:32,1.3048459034943687
2019-12-05 22:00:31,1.3039852278493702
2019-12-09 10:42:05,1.339996561989707
2019-12-13 05:30:32,1.2816132684107626
2019-12-16 20:36:16,1.2619549764036155
2019-12-20 11:47:42,1.2781770874442873
2019-12-23 15:35:08,1.3443167172289625
2019-12-27 10:58:09,1.2964486191533988
2019-12-30 19:28:57,1.315109249709344
2020-01-03 05:16:17,1.263957084142637
2020-01-06 12:27:46,1.3412724418562518
2020-01-09 21:52:05,1.4190837411152184
2020-01-13 07:49:15,1.4580741652585036
2020-01-16 21:22:22,1.5499727289430538
2020-01-20 11:09:55,1.5394736617264222
2020-01-23 19:55:13,1.507234807065704
2020-01-27 05:55:29,1.5166940695764681
2020-01-30 21:58:20,1.654265366018519
2020-02-03 12:43:55,1.6598351673072278
2020-02-07 03:34:48,1.7087910021736719
2020-02-10 23:19:20,1.7366387251320172
2020-02-14 14:22:19,1.7715549678209657
2020-02-18 06:24:00,1.676243881899636
2020-02-21 23:23:41,1.6747378612797021
2020-02-25 15:27:08,1.653332111051512
2020-02-29 05:36:41,1.4929337560633442
2020-03-03 14:26:01,1.5273617223252982
2020-03-06 21:51:38,1.5688734338144352
2020-03-10 07:49:01,1.3590239830569357
2020-03-14 06:55:43,0.9555199535768945
2020-03-18 20:26:12,0.960296760289902
2020-03-23 09:18:46,1.0948627508600206
2020-03-27 09:44:18,1.2086392817657592
2020-03-31 01:36:47,1.1411217793217534
2020-04-03 12:54:07,1.241609944126109
2020-04-07 01:14:33,1.2864618350135812
2020-04-10 09:44:13,1.306350130391193
2020-04-13 16:56:06,1.230229914120199
2020-04-16 20:52:34,1.2511335694529326
2020-04-20 11:00:26,1.3018472322251418
2020-04-24 01:45:53,1.3306148760237793
2020-04-27 21:31:01,1.39780625800638
2020-05-01 16:01:48,1.5773587305197232
2020-05-04 23:35:53,1.565939391482631
2020-05-08 11:51:13,1.7356619844179169
2020-05-11 22:49:43,1.5551251045167427
2020-05-16 03:18:18,1.6733857409211932
2020-05-20 15:49:32,1.7094618522281013
2020-05-25 01:14:31,1.5998335077464447
2020-05-29 03:05:48,1.6407434491916209
2020-06-01 21:37:34,1.6707486448628215
2020-06-05 11:19:07,1.710134767845824
2020-06-08 11:46:22,1.686822763424338
2020-06-11 17:21:35,1.700095592589631
2020-06-14 20:07:22,1.6351431289914586
2020-06-18 13:53:43,1.6332828708673377
2020-06-22 08:00:35,1.6185792351928954
2020-06-25 23:08:57,1.5959115010888996
2020-06-29 12:51:14,1.5710878366951684
2020-07-02 21:24:25,1.580042584756121
2020-07-06 04:03:51,1.5567772213379396
2020-07-09 11:46:57,1.6167986776864347
2020-07-12 20:42:32,1.5873484996074552
2020-07-16 12:16:21,1.5760447268971016
2020-07-20 13:22:46,1.5726343199526545
2020-07-24 09:45:04,1.6364279421527572
2020-07-27 19:04:34,1.7544857959225775
2020-07-31 12:55:07,1.873354957626714
2020-08-04 01:15:48,1.8963802960194478
2020-08-07 16:33:30,1.9628620624539994
2020-08-11 07:29:01,1.9617496712924918
2020-08-14 16:18:58,1.9284579097182077
2020-08-18 05:57:00,1.9877230811313698
2020-08-21 22:03:41,1.91895213656943
2020-08-25 12:55:35,1.903196944168749
2020-08-29 04:59:09,1.8618786870964554
2020-09-01 21:03:36,1.91778864292259
2020-09-05 17:42:44,1.674921292517401
2020-09-09 01:29:00,1.6321615915608945
2020-09-12 13:55:12,1.6706714987287377
2020-09-15 17:41:39,1.7335066325332846
2020-09-18 21:37:35,1.7598871870481374
2020-09-22 12:56:29,1.6817518532481197
2020-09-26 03:46:03,1.7127734614917316
2020-09-29 20:02:43,1.7218006836545208
2020-10-03 12:43:37,1.6865929617318824
2020-10-07 06:19:44,1.7065196121205075
2020-10-10 18:31:04,1.7955973369853664
2020-10-14 04:37:03,1.8178020659887275
2020-10-17 16:08:19,1.7992684957181961
2020-10-21 15:37:44,1.9118332795794786
2020-10-25 13:25:21,2.0308606816822388
2020-10-30 10:34:51,2.0541691033537868
2020-11-03 23:11:26,2.0592469783992837
2020-11-07 11:16:11,2.302326741630722
2020-11-10 21:02:02,2.2464552747315545
2020-11-14 09:15:41,2.351254193251026
2020-11-17 19:53:43,2.4388979998208677
2020-11-21 03:38:51,2.6054304539431428
2020-11-24 11:48:31,2.5589379619944914
2020-11-27 23:42:55,2.309275110038273
2020-12-01 17:24:18,2.614145353414848
2020-12-05 06:20:34,2.505781119776597
2020-12-09 00:30:49,2.4899685133123253
2020-12-12 22:25:32,2.394532255006907
2020-12-16 11:47:39,2.4933455918448355
2020-12-20 02:58:32,2.8796000069512075
2020-12-23 17:28:46,2.821093882202178
2020-12-27 12:54:49,3.0929140362831555
2020-12-30 19:09:31,3.095066355652886
2021-01-03 05:49:19,3.370807244126393
2021-01-06 10:13:35,3.4292714922724628
2021-01-09 18:47:16,3.75662910831901
2021-01-13 06:09:07,3.1206032196252194
2021-01-16 17:28:13,3.246405358814039
2021-01-20 10:27:39,3.1644385982308854
2021-01-24 03:35:59,2.785205133358
2021-01-27 18:43:10,2.698293499467464
2021-01-31 09:47:21,2.872745941877
2021-02-04 01:34:20,3.0635622851698003
2021-02-07 09:30:59,3.240538417969059
2021-02-10 19:47:39,3.6052183947859695
2021-02-14 12:07:29,3.6074491180333204
2021-02-18 06:58:18,3.8035375017769724
2021-02-21 22:49:26,3.974534430702867
2021-02-25 14:45:52,3.378895967969339
2021-03-01 09:40:05,3.0006861126820774
2021-03-05 03:03:10,3.206709728956101
2021-03-08 14:08:22,3.2800233548738866
2021-03-12 06:34:53,3.5889445501772377
2021-03-15 19:49:23,3.5901528168885384
2021-03-19 11:33:56,3.5225376212294983
2021-03-22 20:20:10,3.4413753466747328
2021-03-26 07:46:14,3.0782570409400276
2021-03-29 18:59:55,3.2914770725740725
2021-04-02 06:56:50,3.3882349219993135
2021-04-05 22:43:50,3.2983919764814105
2021-04-09 15:00:11,3.2176972729709234
2021-04-13 01:42:27,3.299249358273385
2021-04-16 19:59:46,3.3270961393351914
2021-04-21 17:44:05,2.9341158079898406
2021-04-25 13:50:48,2.6151975418096582
2021-04-29 12:49:03,2.821200666836771
2021-05-03 00:03:18,2.9031840331804597
2021-05-06 01:41:11,2.8568340606867997
2021-05-09 02:19:35,2.9477403616204185
2021-05-12 01:45:56,2.794550335807444
2021-05-15 14:21:15,2.475315464991629
2021-05-19 23:25:53,1.9842672414092473
2021-05-24 13:19:33,1.755717161516256
2021-05-28 19:51:50,1.8997112126920033
2021-06-01 16:53:05,1.8624721848940304
2021-06-05 08:40:23,1.8773636860169303
2021-06-09 00:55:44,1.6644814750213368
2021-06-13 13:27:11,1.810453710254312
2021-06-17 12:31:05,1.9706720396397488
2021-06-22 06:23:55,1.6919446303147663
2021-06-27 20:19:18,1.6538965464479334
2021-07-03 14:39:15,1.7404546321107475
2021-07-07 15:28:57,1.7757033309091563
2021-07-11 09:57:21,1.740267168167481
2021-07-15 06:18:19,1.6907380494833204
2021-07-18 19:46:25,1.6442849678423965
2021-07-22 11:17:05,1.6504399265685614
2021-07-25 23:52:22,1.783650696805104
2021-07-29 08:45:40,2.0368689772666935
2021-08-01 13:33:01,2.0978128096963813
2021-08-05 02:32:35,1.9557078252783362
2021-08-08 08:59:48,2.2026555922879036
2021-08-11 15:39:32,2.283291964773394
2021-08-15 03:03:18,2.323947334661113
2021-08-18 04:48:59,2.252583146034853
2021-08-21 14:07:26,2.406996125933122
2021-08-24 16:07:01,2.413945297014268
2021-08-28 03:35:38,2.3340487907830236
2021-08-31 19:41:39,2.2970350397443133
2021-09-04 09:13:32,2.4211489810454974
2021-09-07 14:50:22,2.4949062170046887
2021-09-11 09:07:04,2.1758372103816557
2021-09-14 18:21:22,2.1853048733454696
2021-09-18 10:41:34,2.2704883738580808
2021-09-21 22:00:19,2.041827641708124
2021-09-25 09:50:23,2.0254509453917557
2021-09-29 01:54:50,1.9836785406747244
2021-10-02 10:18:55,2.2557761756880694
2021-10-05 18:34:37,2.330666927423704
2021-10-09 14:32:27,2.5244988935206374
2021-10-13 02:36:45,2.601902521778662
2021-10-16 18:17:37,2.7909611082810017
2021-10-20 05:00:21,2.836877127195398
2021-10-23 16:22:09,2.6938355796834315
2021-10-27 01:03:09,2.7310409797584394
2021-10-30 07:01:36,2.7022845711533034
2021-11-02 20:50:46,2.6960735316279294
2021-11-06 04:47:17,2.6161914306477665
2021-11-09 18:11:56,2.859890681463359
2021-11-13 08:18:01,2.651495429521199
2021-11-16 18:33:33,2.5383817825518102
2021-11-20 09:30:17,2.388569063737711
2021-11-24 04:27:56,2.3432404539798823
2021-11-27 23:54:58,2.232589837712581
2021-12-01 18:05:04,2.339389265135476
2021-12-05 03:58:36,1.9665563550717693
2021-12-08 06:26:09,2.0759337467933676
2021-12-11 14:25:44,1.9699255144777106
2021-12-15 06:33:55,1.945620057317797
2021-12-19 02:55:17,1.8946232504332428
2021-12-22 16:00:01,1.978477937678588
2021-12-26 03:05:23,2.0746366150584907
2021-12-29 21:48:26,1.949878331005065
2022-01-02 10:10:33,1.923349214803074
2022-01-06 01:37:33,1.875078938862441
2022-01-09 16:26:17,1.7107946086210606
2022-01-13 05:32:53,1.7715292905057052
2022-01-16 09:34:45,1.7738440917922405
2022-01-19 15:38:08,1.7292532983136384
2022-01-23 05:20:24,1.46375788636111
2022-01-26 22:22:18,1.5592528349704413
2022-01-30 11:44:40,1.588887094079147
2022-02-03 00:27:17,1.581451845697457
2022-02-06 19:48:35,1.7314224543672043
2022-02-10 13:02:53,1.8344839530513957
2022-02-13 19:29:35,1.7551195764044913
2022-02-17 00:58:03,1.8190624491567937
2022-02-20 16:11:38,1.6318836311016602
2022-02-24 09:17:25,1.5563702292703243
2022-02-28 09:38:15,1.5972540944685327
2022-03-03 19:38:39,1.7979189730666438
2022-03-07 17:43:58,1.593798931981268
2022-03-11 08:07:44,1.6192137576991987
2022-03-14 21:53:04,1.5995704687411743
2022-03-18 10:18:08,1.686638167323421
2022-03-21 21:11:56,1.7006163600028998
2022-03-25 10:53:48,1.8070513357422984
2022-03-28 21:04:26,1.9367175390271552
2022-04-01 13:31:42,1.847784309194108
2022-04-05 04:45:05,1.8769136819374137
2022-04-09 00:18:33,1.7641892093781577
2022-04-12 14:49:36,1.6324466046438446
2022-04-16 06:03:36,1.64377635939774
2022-04-19 22:49:24,1.6704597997332793
2022-04-23 06:43:29,1.6181297935341947
2022-04-26 13:51:11,1.6413855570438176
2022-04-30 02:38:09,1.58844896866591
2022-05-03 11:00:03,1.5743076884090146
2022-05-06 23:59:15,1.482058648917459
2022-05-10 12:25:03,1.292500115968062
2022-05-14 02:31:37,1.264675978771469
2022-05-17 18:49:11,1.264862812523708
2022-05-21 19:34:05,1.2296918839289472
2022-05-25 16:16:53,1.2462577177174847
2022-05-29 07:44:42,1.2222918626713712
2022-06-01 22:17:41,1.3199709223012976
2022-06-05 17:45:12,1.261178985191694
2022-06-08 23:13:49,1.293005731919694
2022-06-12 13:17:42,1.1975239882638378
2022-06-16 06:28:26,0.9371657491481473
2022-06-20 06:44:41,0.8675107960352108
2022-06-24 00:08:01,0.9114231207182963
2022-06-27 19:39:05,0.940812281225441
2022-07-01 04:36:25,0.8621173675466849
2022-07-04 20:07:00,0.8731128986902947
2022-07-08 16:14:01,0.9757686346774848
2022-07-12 10:35:57,0.9108271613362504
2022-07-16 10:53:14,0.9453563811699969
2022-07-20 09:30:53,1.0495125844719806
2022-07-24 05:54:07,1.0219217659886386
2022-07-27 14:01:48,0.9706239903457397
2022-07-31 07:08:17,1.0989709874765343
2022-08-03 19:21:18,1.0599774708034042
2022-08-07 07:25:18,1.059361613262976
2022-08-10 21:26:05,1.0720221074780583
2022-08-14 15:38:50,1.127818963827811
2022-08-18 09:04:33,1.0830388514135336
2022-08-21 18:12:52,0.9795263925433921
2022-08-25 04:38:29,0.9919543515393873
2022-08-28 08:37:50,0.925761218355263
2022-08-31 19:04:14,0.9346799650283267
2022-09-04 11:53:00,0.917212544797839
2022-09-07 23:53:06,0.8783584513565823
2022-09-11 10:58:22,1.0019111002484664
2022-09-15 03:14:02,0.9427771236701424
2022-09-18 16:12:19,0.9354251275023844
2022-09-22 08:43:29,0.8874862942109073
2022-09-26 03:41:57,0.8901845534095791
2022-09-29 19:43:22,0.9124147276794772
2022-10-02 23:15:37,0.905085570593873
2022-10-06 04:05:16,0.9483802934144216
2022-10-09 05:26:09,0.9163287311287166
2022-10-12 15:24:42,0.9007392624557495
2022-10-16 05:37:17,0.9041937581735711
2022-10-19 18:40:18,0.9103223965723337
2022-10-23 07:59:26,0.909766637664602
2022-10-27 03:06:14,0.9788255855061224
2022-10-30 19:25:12,0.9845683689657522
2022-11-03 07:26:53,0.9653458640181681
2022-11-07 00:05:22,1.0063574458867166
2022-11-10 10:27:30,0.7973149479051823
2022-11-14 03:48:44,0.7991387332021326
2022-11-17 18:43:13,0.8038376539838612
2022-11-21 13:54:04,0.8029876985238789
2022-11-25 13:05:13,0.8162779321725852
2022-11-29 15:47:49,0.8090967909883466
2022-12-03 13:02:11,0.8431987203091889
2022-12-07 05:54:29,0.8480615639284373
2022-12-10 12:52:24,0.8566958219892686
2022-12-13 22:55:58,0.8771564520585181
2022-12-17 17:41:05,0.8392835663760706
2022-12-21 12:14:21,0.8463113314816887
2022-12-25 15:08:42,0.8472533365024829
2022-12-29 12:35:19,0.8372219428504483
2023-01-01 20:42:56,0.8379546192136095
2023-01-05 07:05:53,0.853785627093156
2023-01-08 14:25:43,0.8596007067776056
2023-01-11 23:17:39,0.8855203541234483
2023-01-15 05:38:51,1.0556425768699182
2023-01-18 16:55:10,1.0777074921163476
2023-01-22 12:37:27,1.1618968507907406
2023-01-25 22:04:58,1.1444466661280028
2023-01-29 05:06:12,1.1649444749412956
2023-02-02 00:38:00,1.171165344008742
2023-02-05 15:55:26,1.176470008607252
2023-02-09 09:33:38,1.1541710356431876
2023-02-12 20:10:10,1.1023712612874712
2023-02-16 02:18:20,1.16353938853733
2023-02-19 05:06:40,1.2408075485930339
2023-02-22 15:49:12,1.2224910687962662
2023-02-26 09:55:15,1.1628008811262878
2023-03-01 20:04:33,1.1912147292497284
2023-03-05 05:08:13,1.1265354813077098
2023-03-08 17:48:47,1.1181732999405183
2023-03-12 09:10:18,1.0322054127363105
2023-03-15 21:04:05,1.2484978971471423
2023-03-19 09:37:53,1.3700843911879217
2023-03-22 21:28:59,1.4134476320548301
2023-03-26 02:48:45,1.3771850692075926
2023-03-29 20:22:54,1.3961905804698278
2023-04-02 09:42:44,1.4384418024886683
2023-04-06 01:33:32,1.433502975697658
2023-04-09 12:48:37,1.4120285545927653
2023-04-13 06:26:53,1.5125352873295068
2023-04-16 21:28:49,1.5239589806406717
2023-04-20 07:39:22,1.461520207890874
2023-04-24 01:28:11,1.3853893548587362
2023-04-28 00:50:01,1.460120922905601
2023-05-01 14:46:18,1.448532142020919
2023-05-05 07:06:05,1.452072834604992
2023-05-09 01:53:13,1.387799244880948
2023-05-12 12:26:54,1.3333741175865723
2023-05-15 21:10:22,1.3594527130114045
2023-05-19 09:46:33,1.3409217621764933
2023-05-23 00:45:49,1.3330523423321026
2023-05-26 12:54:30,1.3104626412898432
2023-05-29 22:59:48,1.3805134925203055
2023-06-02 12:46:26,1.336354294342067
2023-06-06 04:33:48,1.294033328966674
2023-06-09 16:30:38,1.3151942773762004
2023-06-13 01:39:35,1.2824584630365823
2023-06-16 17:46:18,1.267624624214512
2023-06-20 09:46:04,1.3229852127767956
2023-06-24 09:38:15,1.5129292395046992
2023-06-28 01:11:01,1.5059936085162369
2023-07-01 20:29:15,1.4984752746106111
2023-07-05 09:12:51,1.5145546551489633
2023-07-08 15:45:22,1.485858509221252
2023-07-12 01:04:46,1.4974805914101332
2023-07-15 23:23:19,1.4858771603594636
2023-07-19 11:30:14,1.4670030164363406
2023-07-23 11:08:08,1.4630282914051576
2023-07-27 03:37:17,1.4350560630060087
2023-07-30 20:04:44,1.4426388025609
2023-08-03 07:45:52,1.4362357251724482
2023-08-06 23:34:25,1.4280087795755516
2023-08-10 16:45:35,1.4518322169435
2023-08-14 04:27:33,1.441860303096784
2023-08-17 08:18:53,1.4187129635127533
2023-08-20 21:20:51,1.2841136822466312
2023-08-24 09:12:13,1.295017937203207
2023-08-28 13:13:02,1.2839632008339004
2023-09-01 05:02:18,1.3109010435278456
2023-09-04 15:08:49,1.2792736635504323
2023-09-08 13:22:13,1.287080616639175
2023-09-12 01:03:40,1.2554388945841335
2023-09-15 10:16:54,1.3129944034200518
2023-09-18 17:34:22,1.3207214786425892
2023-09-22 11:48:18,1.3134614796192978
2023-09-26 01:42:10,1.2938974649082338
2023-09-29 15:49:18,1.3328303062348403
2023-10-03 05:57:27,1.3763175135207006
2023-10-06 18:59:58,1.3597871119773142
2023-10-10 02:33:24,1.3580944598261908
2023-10-13 13:04:29,1.3180114150555482
2023-10-16 23:30:25,1.3708594018405718
2023-10-20 13:42:40,1.428765556707326
2023-10-24 02:57:06,1.528865037713931
2023-10-27 19:41:17,1.6578766435218688
2023-10-31 05:07:46,1.6750738286556297
2023-11-03 20:08:07,1.6749068517683985
2023-11-07 07:06:46,1.6916814245051897
2023-11-10 23:11:44,1.7738346009547903
2023-11-14 14:02:56,1.7557929322255592
2023-11-18 03:20:29,1.738936964443792
2023-11-21 11:37:00,1.786184988016953
2023-11-24 22:06:24,1.790519564870447
2023-11-28 12:46:57,1.7601944147286819
2023-12-02 03:32:58,1.8261239204731923
2023-12-05 13:19:05,1.9673072428206226
2023-12-09 14:18:19,2.0578015718697418
2023-12-13 04:27:35,1.9310468571302597
2023-12-16 14:52:52,1.9556507425100946
2023-12-19 20:47:35,1.9739137691582358
2023-12-23 06:04:24,2.0135495066149036
2023-12-26 18:35:58,1.9802652651383141
2023-12-30 18:08:31,1.9179012962075137
2024-01-03 05:09:37,2.0593610473631396
2024-01-06 14:53:03,1.9700998452523917
2024-01-10 14:48:50,2.061665284961516
2024-01-13 21:14:04,1.9116429469971545
2024-01-18 02:33:53,1.896165045902589
2024-01-21 20:18:55,1.8490176715664064
2024-01-25 04:10:02,1.7681140271689375
2024-01-28 11:29:05,1.8543257991692597
2024-02-01 00:51:00,1.8870993082884027
2024-02-04 05:31:04,1.8852238957876408
2024-02-07 12:48:13,1.881311371468885
2024-02-10 23:01:37,2.0589601450320485
2024-02-14 13:10:58,2.1508546575296545
2024-02-18 04:12:41,2.2067994235296196
2024-02-22 02:01:00,2.189817532047826
2024-02-25 17:07:02,2.187448928827952
2024-02-29 10:50:04,2.543683203664221
2024-03-04 04:52:33,2.546730586291115
2024-03-07 14:02:05,2.6227286146693842
2024-03-10 22:32:49,2.6948603697151685
2024-03-14 07:27:15,2.763441127034717
2024-03-18 01:27:24,2.513532178107792
2024-03-21 18:24:47,2.482500863490232
2024-03-25 07:39:38,2.417665183521744
2024-03-29 01:36:34,2.542712285958043
2024-04-01 15:49:55,2.5156793128435253
2024-04-05 09:17:47,2.3917414580301166
2024-04-08 14:23:44,2.484650376286311
2024-04-12 07:20:50,2.4833800011548055
2024-04-15 16:54:58,2.3022563841477446
2024-04-19 06:21:55,2.1997859547363263
2024-04-23 00:22:00,2.317524786649155
2024-04-26 12:51:12,2.2401942225196727
2024-04-30 08:17:52,2.19174622942219
2024-05-04 03:39:17,2.1273703204959435
2024-05-08 08:24:35,2.1965922031371745
2024-05-11 21:34:46,2.10838513170006
2024-05-15 15:53:43,2.1441525519254303
2024-05-19 07:42:17,2.300009675399808
2024-05-22 21:07:14,2.3850982834902794
2024-05-26 02:05:39,2.3500547718862754
2024-05-29 21:33:15,2.271796610697544
2024-06-02 17:33:34,2.2576117031740828
2024-06-06 13:57:44,2.3529655573832366
2024-06-09 23:01:23,2.2896494491823844
2024-06-13 18:57:41,2.219947191229318
2024-06-17 10:51:31,2.177790659435059
2024-06-21 04:49:20,2.1409929954108424
2024-06-25 01:10:11,2.001562161633586
2024-06-29 04:33:43,1.9925231824581933
2024-07-02 20:29:36,2.040452548254579
2024-07-06 16:34:37,1.8433397796042414
2024-07-10 01:52:25,1.8753154302131898
2024-07-13 18:46:21,1.896122518519227
2024-07-17 02:17:29,2.0809088455563636
2024-07-20 15:26:30,2.1498904024247585
2024-07-23 18:02:54,2.1552253944363855
2024-07-27 03:04:16,2.1611933982551466
2024-07-30 11:48:26,2.1413813918124407
2024-08-03 07:09:14,2.0131830812095273
2024-08-06 23:24:32,1.7872436532526916
2024-08-11 01:50:18,1.940161502224106
2024-08-14 16:00:26,1.938748816701132
2024-08-18 05:08:43,1.8969474027565847
2024-08-21 21:06:22,1.9043542277473449
2024-08-25 05:47:20,2.0415052721265767
2024-08-28 21:19:52,1.8899999855171095
2024-09-01 15:39:30,1.863022155856096
2024-09-05 01:13:55,1.8235808303594316
2024-09-08 09:54:06,1.7305531005452848
2024-09-12 07:39:09,1.8191859669640698
2024-09-16 02:08:42,1.9042227397708542
2024-09-20 01:03:51,1.9794889033151535
2024-09-23 17:46:31,2.005972776527807
2024-09-27 15:07:02,2.049712409308476
2024-10-01 07:46:31,1.998752698238737
2024-10-04 16:33:59,1.9191230435574553
2024-10-08 02:07:56,1.984324944644873
2024-10-11 16:54:49,1.8774781044329116
2024-10-15 08:21:54,2.028530725403453
2024-10-18 21:45:13,2.0899992843837505
2024-10-21 23:50:40,2.083049010571381
2024-10-25 13:32:26,2.066887034804942
2024-10-28 21:58:24,2.0841974076819594
2024-11-01 04:56:45,2.141618605815517
2024-11-04 20:42:45,2.0704632748603617
2024-11-08 10:01:04,2.26434843887935
2024-11-12 04:10:35,2.4976409728821136
2024-11-15 21:47:13,2.565869036251697
2024-11-19 07:13:05,2.602638411047666
2024-11-22 17:38:25,2.730310920073853
2024-11-26 09:10:56,2.602382876566064
2024-11-30 06:04:05,2.6254883220366416
2024-12-03 16:57:59,2.5686485729144244
2024-12-07 07:54:56,2.6123782261200734
2024-12-10 19:55:06,2.514947307263029
2024-12-14 06:04:13,2.590425592204201
2024-12-17 21:28:48,2.7006153087781426
2024-12-21 12:28:52,2.4279697419536284
2024-12-25 04:45:38,2.3818995491054644
2024-12-28 19:51:49,2.326584656557619
2025-01-01 08:56:24,2.298555338668648
2025-01-04 19:45:41,2.38088474181663
2025-01-08 16:15:55,2.343007034664681
2025-01-12 07:45:45,2.2820854571314952
2025-01-15 22:17:04,2.3553271815671692
2025-01-19 15:47:37,2.4974740591776623
2025-01-23 07:28:43,2.4587292586198743
2025-01-27 04:03:29,2.44621471313217
2025-01-30 18:22:42,2.4504411959915813
2025-02-03 00:18:00,2.3097288245786998
2025-02-06 16:58:37,2.2703338273156963
2025-02-10 01:59:08,2.2398182302828182
2025-02-13 21:20:22,2.2280967512770307
2025-02-17 09:17:39,2.2347943282390657
2025-02-21 06:31:10,2.2573900805151283
2025-02-25 06:36:33,2.1702901413134015
2025-02-28 15:32:42,1.8916617019676851
2025-03-04 09:15:39,2.014305486652982
2025-03-07 23:17:22,2.0294104454299373
2025-03-11 11:23:26,1.832048954022936
2025-03-15 00:18:15,1.9123002001554208
2025-03-18 20:26:53,1.9072640509164147
